BW,region,FDR_sig,specificity,6OIJ_contact,7DFL_contact,6WHA_contact,6CMO_contact,7TRP_contact,8YN9_contact,7MBX_contact,6X18_contact
34.50,ICL2,True,Shared,True,True,True,False,True,True,True,False
34.51,ICL2,False,Shared,True,True,True,False,True,True,True,False
34.52,ICL2,False,Shared,True,False,True,True,False,False,True,False
34.53,ICL2,True,Shared,False,True,True,False,False,True,True,False
34.54,ICL2,False,Shared,True,True,True,False,True,True,True,False
34.55,ICL2,False,Shared,True,True,True,True,True,True,True,False
34.56,ICL2,False,Shared,True,False,False,True,False,True,False,False
34.57,ICL2,False,Gq-specific,True,True,True,False,False,False,True,False
3.49,TM3,False,Shared,True,True,True,False,True,False,True,False
3.50,TM3-DRY,False,Shared,True,True,True,True,True,True,True,True
3.51,TM3-DRY,False,-,False,False,False,False,False,False,False,False
3.53,TM3,True,Shared,True,True,True,True,True,True,True,True
3.54,TM3,False,Shared,True,True,True,True,True,True,True,True
3.55,TM3,False,-,False,False,False,False,False,False,True,False
3.56,TM3,False,Gi-specific,False,False,False,True,False,False,True,False
5.61,TM5,False,Shared,True,True,False,False,True,True,False,True
5.64,TM5,False,Shared,False,False,True,False,True,True,True,True
5.65,TM5,True,Shared,True,True,False,False,True,True,True,True
5.67,TM5,False,Shared,False,True,False,False,True,False,False,True
5.68,TM5,False,Shared,True,False,True,True,True,False,False,True
5.69,TM5,False,Shared,False,False,True,False,True,True,False,False
5.71,TM5,True,Gq-specific,False,False,True,False,False,False,False,False
6.32,TM6,False,Gi-specific,False,False,False,True,False,False,False,True
6.33,TM6,False,Shared,False,False,True,True,False,False,False,False
6.36,TM6,False,Shared,False,False,True,True,False,False,False,True
6.37,TM6,False,Gq-specific,False,False,True,False,False,False,False,False
8.47,H8,False,Gi-specific,False,False,False,True,False,False,False,False
8.48,H8,False,Gi-specific,False,False,False,True,False,False,False,False
8.49,H8,False,Gi-specific,False,False,False,True,False,False,False,False
